,text,class
0,"Летом 1985-го в бухте Чажма, между Владивостоком и Находкой, на атомной подводной лодке К-431 произошла авария – взорвался ядерный реактор, вследствие чего сотни людей получили облучение.",Кораблекрушение
1,Sputnik Казахстан вспоминает крупные аварии на шахтах в Казахстане.,Техногенные катастрофы
2,"Первое уголовное дело против Быкова было возбуждено в апреле 1999 года по четырем статьям УК РФ: ""причастность к убийству"", ""легализация незаконно полученных денежных средств"", ""незаконное хранение оружия"" и ""незаконные валютные операции"".",Возбуждение уголовного дела
3,"Завод ""Ливиз"" на Синопской набережной прекратил работу в 2008 году, после того как его мощности были перебазированы в Красное Село и Всеволожский район Ленинградской области.",Финансовые затруднения
4,"Руководство Национальной академии аграрных наук также фигурирует в другом уголовном деле по ст. 222 (мошенничество с финансовыми ресурсами), ст. 209 (Легализация (отмывание) доходов, полученных преступным путем) и ст. 191 (присвоение, растрата имущества или завладение им путем злоупотребления служебным положением) Уголовного кодекса Украины.",Мошенничество
5,"Спасатели нашли вертолет, который потерпел крушение в Удмуртии.",Авиакатастрофа
6,"Судебный процесс продолжается по второму обвинению: Кочарян обвиняется в получении взятки в особо крупных размерах, а Геворкян обвиняется в отмывании денег.",Отмывание денег
7,"Чистая прибыль ""Русгидро"" ощутимо упала в I квартале",Падение прибыли
8,"В продуктовом сегменте главные зарубежные ритейлеры - Auchan, Metro Cash & Carry и Globus - пока продолжают работать в штатном режиме и заявлений о возможном прекращении работы в России не делают.",Закрытие предприятия или производства
9,Ко времени аварии на ЧАЭС действовали четыре энергоблока на базе реакторовРБМК-1000 ( реактор большой мощности канального типа) с электрической мощностью1000 МВт (тепловая мощность- 3200 МВт) каждый.,Техногенные катастрофы
10,"Истец обратился в суд с исковым заявлением о взыскании задолженности по бюджетному кредиту, указав что в 2016 году между акиматом, акционерным обществом и ответчиком А. заключен договор займа в сумме 984 000 тенге для приобретения жилья, на условиях срочности, возвратности и платности.",Нарушение прав акционеров
11,"12 февраля лидера ""Руха новых сил"" Михеила Саакашвили задержали в столичном ресторане ""Сулугуни"" и отправили в страну предыдущего пребывания – Польшу, откуда он прибыл, нарушая законодательство Украины.",Нарушение закона
12,"Вот что в ней говорилось: ""В хоре всеобщего осуждения произведенных Индией испытательных ядерных взрывов голоса Вашингтона и Москвы звучали в унисон.",Ядерный взрыв
13,"Экс-чиновник обвинялся по четырем статьям УК РК – легализация имущества, полученного незаконным путем, пособничество в хищении бюджетных средств, получение взятки в особо крупном размере, а также незаконное участие в предпринимательской деятельности.",Мошенничество
14,"Сумма ущерба, в которую Каспийский трубопроводный консорциум оценил ущерб, причиненный окружающей среде от разлива нефти под Новороссийском в августе составил 350 млн руб.",Убытки
15,"Предыдущие исследования Бюро экономического анализа ( BEA) показали, что доход и убытки от прироста капитала могут достигать сотен миллиардов в любой данный год.",Рост убытков
16,Вечером 19 июня в Казани в районе улицы Магистральная на Волге затонуло пришвартованное к пристани судно.,Кораблекрушение
17,"Извержение вулкана Тонга эквивалентно ""сотням бомб, сброшенных на Хиросиму"", заявляет НАСА",Извержение вулкана
18,"Вечером 17 декабря на судостроительном заводе ""Северная верфь"" в Большой Турухтанной гавани загорелся корвет ""Проворный"" Минобороны РФ проекта 20385.",Кораблекрушение
19,"Среди ликвидируемых организаций - фонд ""Добра"", который был организатором конкурса социальных проектов Social Weekend, правозащитная организация ""Звено"", молодежный центр ""Фиальта"", ряд других правозащитных, экологических, просветительских организаций и даже объединения поляков и литовцев.","Закрытие филиала, представительства"
20,"Чистый убыток РЖД в прошлом году составил 52,9 млрд рублей.",Убытки
21,"В декабре прошлого года все тот же Тверской райсуд признал ее виновной в нарушении ""закона о митингах"" и азначил наказание в виде двух лет условного заключения.",Нарушение закона
22,"Воронежский гарнизонный военный суд огласит сегодня приговор жительнице Воронежа Надежде Беловой, которую обвиняют в оправдании терроризма из-за комментариев под сообщениями о теракте у Архангельского ФСБ.",Экстремизм
23,"19:18 Ураган Ида, сформировавшийся в Атлантическом океане, обрушился на побережье американского штата Луизиана.",Стихийные бедствия
24,Акционеры подали в суд на Teva в 2016 году.,Нарушение прав акционеров
25,"Следствие предполагает, что с 17-го по 20-й год Москалев незаконным способом получил 1,7 миллиарда рублей.",Мошенничество
26,"19 августа 2021 года судья Биробиджанского районного суда Василина Безотеческих  признала мирную верующую Анастасию Гузеву виновной в участии в деятельности экстремистской организации и приговорила ее к 2,5 годам лишения свободы условно, 2 годам испытательного срока и 1 году ограничения свободы.",Экстремизм
27,"Суд в Москве арестовал Сайд-Мухаммада Джумаева, обвиняемого в насилии к сотрудникам правоохранительных органов во время протестной акции 23 января.",Уголовное обвинение
28,"А Ринк, который синтезировал и реализовал яд для убийства Кивелиди, остался в статусе свидетеля.",Убийство
29,Испытания этого лета – невыносимая жара в Центральной России или наводнения в Сочи и Крыму – звенья одной цепи.,Наводнение
30,Суд в Сыктывкаре приговорил бывшего главу МВД по Коми Виктора Половникова к 9 годам колонии строгого режима по обвинениям во взяточничестве и отмывании денег.,Отмывание денег
31,"21 ноября стало известно, что в больнице скончался 13-летний мальчик, пострадавший при взрыве газа в Шортанды.",Взрыв газа
32,"По данным телеканала NHK, спасатели подтвердили смерть по крайней мере трех человек, еще 135 пострадали в результате мощного землетрясения на северо-востоке Японии.",Землетрясение
33,Через несколько дней он был арестован.,Заключение под стражу
34,После падения вертолета Ми-8т с группой туристов в Курильское озеро на Камчатке погибли восемь человек.,"Чрезвычайные происшествия, чрезвычайные ситуации"
35,"Это и стрельба в школе Оксфорда, штат Мичиган, где 15-летний подросток убил четверых, и расстрел восьми сотрудников почтовой компании FedEx, и бойня в магазине в Колорадо с десятью погибшими.","Чрезвычайные происшествия, чрезвычайные ситуации"
36,"Он также обвинил и TPG в нарушении юридических обязательств перед ним, ""о чем и продавцу, и покупателю хорошо известно"".",Нарушение обязанностей
37,"Экс-директора ""Челябоблинвестроя"" Абаимова будут судить сразу по трем статьям – за получение взятки должностным лицом в особо крупном размере (ст.290 ч.6 УК РФ), мошенничестве (ст.159 ч.4) и легализации (отмывании) денежных средств или иного имущества (ст.174.1 ч.1).",Взятки
38,Поселенцы спровоцировали жесткие столкновения с полицией у въезда в Иерусалим.,"Беспорядки, конфликты и войны"
39,"Басманный районный суд столицы продлил срок содержания под стражей до 20 ноября 2021 года фигурантам дела бывшего губернатора Пензенской области Ивана Белозерцева о взяточничестве, сообщили Агентству городских новостей ""Москва"" в пресс-службе суда.",Экономические преступления
40,"Например, Главное следственное управление ( ГСУ) Нацполиции ищет доказательства того, что должностные лица КП ""Киевпастранс"" занимались растратой и присвоением бюджетных средств при закупке в 2017 году ""современных павильонов ожидания с вмонтированными урнами для мусора"", а также услуг по капремонту зданий и сооружений.",Растрата денежных средств
41,"Великобритания заморозила активы ВТБ и наложила санкции на ""Аэрофлот""",Проблемы с активами
42,"Отсюда следует, что рентабельный бизнес на тушении лесных пожаров в России построить невозможно.",Пожары
43,"Как отметил в своем выступлении прокурор, уголовное дело по обвинению полковника Яхутля по ч. 4 ст. 159 УК РФ (мошенничество в особо крупном размере) было возбуждено в августе 2018 года.",Возбуждение уголовного дела
44,"""Газпром"" почти в два раза сократил поставки газа в Европу через Украину в период новогодних праздников (1 – 9 января) – до 54 млн кубометров, что на 55% меньше по сравнению с последней декадой декабря 2021 года.",Падение продаж
45,Для финансирования своей деятельности уроженец Таджикистана вместе с другими членами ячейки согласились убить албанского бизнесмена за 40 тысяч долларов.,Убийство
46,Впервые он был арестован и обвинен в нападении на свою сестру на домашней вечеринке в 2011 году.,Заключение под стражу
47,"Тверской суд приговорил Котова к четырем годам колонии, апелляция в Мосгорсуде не увенчалась успехом, приговор остался без изменений.",Привлечение к уголовной ответственности
48,СПРАВКА - Крупные аварии с морскими судами в мире в 2019-2021 годах,Кораблекрушение
49,Вице-премьер России Виктория Абрамченко поручила Росприроднадзору оценить реальный масштаб выброса нефти под Новороссийском.,Утечка нефти
50,"Воронку, которая образовалась после взрывов, называют Ядерным (Атомным) озером.",Ядерный взрыв
51,"На протяжении нескольких лет это кредитное учреждение является убыточным, а за последний год имело место резкое снижение его основных финансовых показателей – стоимости активов, кредитного портфеля, вкладов физлиц и т.д.",Проблемы с активами
52,"""Высочайший"" в I полугодии сократил прибыль по МСФО на 25%, до $38,1 млн",Падение прибыли
53,Чистый убыток компании увеличился до $235 млн со $125 млн годом ранее.,Рост убытков
54,"Как крупнейшая экономика в международной финансовой системе, Соединенные Штаты несут особую ответственность за устранение наших собственных нормативных недостатков, в том числе в нашем режиме ПОД / ФТ, с целью усиления глобальных усилий по ограничению доходов от коррупции и другой незаконной финансовой деятельности.",Коррупция
55,"Публикация на тему Tesla отзовет более 800 000 машин из-за проблем с сигналом собрала в себе максимум полезной информации, которая представлена удобочитаемым текстом и легка в восприятии.",Отзыв продукции
56,В 1965 году на Семипалатинском ядерном полигоне в Казахстане провели первый опытный ядерный взрыв мощностью около 140 килотонн в тротиловом эквиваленте.,Ядерный взрыв
57,"Осенью трем из них изменили меру пресечения на подписку о невыезде, под стражей остается только Виктор Кувшинов.",Заключение под стражу
58,Подготовка теракта в Мариуполе,Теракт
59,После задержания депутата Народного собрания Республики Ингушетия и экс-главы Фонда социального страхования РФ по региону Якуба Белхороева в учреждении ведутся обыски и выемка документов.,Выемки
60,В Черном море на борту танкера с 700 тоннами мазута произошел пожар,Пожары
61,В итоге суд приговорил 35-летнего Али Ризу Пола к 30 годам заключения.,Привлечение к уголовной ответственности
62,"Басманный райсуд Москвы по ходатайству Главного следственного управления (ГСУ) СКР отправил под домашний арест бывшего начальника отдела торгово-финансовых операций казначейства ПАО ЛУКОЙЛ Алексея Бессонова, обвиняемого в умышленном использовании инсайдерской информации.",Манипулирование рынком
63,"* Магнитуда землетрясения у побережья американского штата Аляска была увеличена до 8,1, объявлена угроза цунами, сообщает американский центр по предупреждению о цунами ( NWS).",Стихийные бедствия
64,"ИНТЕРФАКС-СИБИРЬ - Верховный суд РФ сократил на полгода срок лишения свободы Анатолию Радченко ( Челентано), признанному Новосибирским облсудом виновным в убийствах и других преступлениях и входившему в организованное преступное сообщество (ОПС) Александра Трунова.",Привлечение к уголовной ответственности
65,"Напомним, что экс-глава контрольно-ревизионного управления Минфина Юрий Чекин был задержан утром 26 октября в квартире в Ханты-Мансийске.",Уголовное задержание
66,"Напомним, 28 декабря Верховный суд России ликвидировал международный центр ""Мемориал"".","Закрытие филиала, представительства"
67,"Полицейские задержали Крисевича, а Тверской районный суд признал его виновным и арестовал на 15 суток.",Нарушение закона
68,"Напомним, в 2013 году суд признал бывшего министра обороны Акиса Цохатзопулоса виновным в отмывании денег.",Отмывание денег
69,"Конечно, никто не мог предположить, что на Челябинск упадет метеорит.",Падение метеорита
70,"В итоге с 2014 по 2017 год Бережной и его подчиненные получили от Калитина взяток на сумму 368,7 млн рублей.",Взятки
71,В России отзывают Volvo XC90 из-за сбоя в электронике,Отзыв продукции
72,"Главный тренер китайского клуба ""Гуанчжоу"" покинул свой пост из-за финансовых проблем клуба.",Финансовые затруднения
73,"Ученые НАСА проанализировали спутниковые снимки и определили, что первоначальный выброс пепла поднялся на высоту 36 миль ( 58 км), прорвав мезосферу - область, где падающие на Землю метеориты сгорают и создают падающие звезды, проносящиеся по ночному небу.",Падение метеорита
74,Он обвиняется в отмывании денег,Отмывание денег
75,Три члена экипажа японского судна погибли после столкновения с российским,"Беспорядки, конфликты и войны"
76,Он и другие собирали средства из этой клиники и использовали эти средства для дальнейшего финансирования терроризма.,Поддержка террористов
77,На месте падения гидросамолета в Ханты-Мансийском автономном округе обнаружили тела бизнесмена Бориса Полевого и его супруги.,Авиакатастрофа
78,"Из аудиозаписи следует, что деятельность журналиста создавала проблемы белорусским властям, и для его убийства планировалось использовать взрывчатку.",Убийство
79,"America First Legal подала в суд и добилась предварительного судебного удовлетворения против президента Байдена в отношении двух его подписных программ акционерного капитала, которые присуждали или блокировали федеральную финансовую помощь на основании расы, получив предварительные судебные запреты на прекращение программ.",Нарушение прав акционеров
80,"Проект Долгосрочной программы, как отметил председатель ФНПР, не направляли на рассмотрение в Российскую трехстороннюю комиссию по регулированию социально-трудовых отношений, что является нарушением Генерального соглашения между общероссийскими объединениями профсоюзов, общероссийскими объединениями работодателей и Правительством РФ на 2021-2023 годы.",Нарушение обязанностей
81,"Если говорить о результатах четвертого квартала, то чистая прибыль ""Роснефти"" снизилась на 40,4% по сравнению с третьим кварталом, до 187 миллиардов рублей.",Падение прибыли
82,"По ее итогам против Быкова возбудили дело о занижении энерготарифов в пользу КрАЗа, а затем добавилось обвинение в причастности к убийству бизнесмена Олега Губина, и Быков уехал в Венгрию, но был выдан России.",Возбуждение уголовного дела
83,"Дзержинский районный суд Санкт-Петербурга на два месяца арестовал Георгия Чернышева и Никиту Семенова, обвиняемых в подготовке терактов в городе в период новогодних праздников.",Заключение под стражу
84,​Загорелся и через 20 часов ушел ко дну: крупнейший корабль ВМС Ирана затонул в Оманском заливе,"Катастрофы, крушения"
85,Летевший для спасения туристов вертолет упал в Таджикистане: погиб пилот,"Чрезвычайные происшествия, чрезвычайные ситуации"
86,"По предварительной информации Михаил Сычев во вторник, 16 июня, был задержан по подозрению в мошенничестве в особо крупном размере, по так называемому делу передачи городской собственности Русской православной церкви.",Уголовное задержание
87,"В феврале 2018 года власти США заявили, что ABLV ""системно отмывает деньги"", и отрезали банк от американской финансовой системы.",Отмывание денег
88,"Правительство Франции стремится сократить поставки за пределы ЕС, поскольку переработка древесины создает в 10-20 раз больше рабочих мест, чем экспорт необработанной древесины.",Падение продаж
89,"Напомним, извержение вулкана Эйяфьятлайокудль весной 2010 года привело к авиационному коллапсу в Европе.",Извержение вулкана
90,"Власти США предъявили бизнесмену Владиславу Клюшину обвинения в инсайдерской торговле на десятки миллионов долларов: он и четверо его российских товарищей, обвиненных заочно, взламывали компьютерные сети компаний, и получив годовую или квартальную отчетность, покупали акции предприятий с хорошими показателями и продавали акции проблемных.",Уголовное обвинение
91,"Подразделения ""Сибирского спасательного центра"" участвовали в ликвидации последствий наводнений в Ленске и на Дальнем Востоке, аварии на Саяно-Шушенской ГЭС, боролись с лесными пожарами в Восточной Сибири, работали при ликвидации последствий тайфунов в Приморье.",Стихийные бедствия
92,Она подозревается в хищении бюджетных средств.,Растрата денежных средств
93,"Весной 2020 года фонд Index Ventures Limited (новое название - Amplum Ventures) и ряд физлиц обратились в суд с требованием взыскать с крупнейшего на тот момент акционера ""Уралкалия"", кипрской Rinsoco Trading, убытки от выкупа акций в рамках squeeze out.",Нарушение прав акционеров
94,"Его жена-юрист пыталась отстоять фирму, но против нее возбудили уголовное дело о якобы хищении денег у Стрельцова, и отправили в колонию.",Возбуждение уголовного дела
95,"К закрытию портала привели финансовые проблемы, вызванные, по словам журналистов, политической ситуацией в России.",Финансовые затруднения
96,"За несколько месяцев до этого у острова Сулавеси в центральной части страны затонуло судно, на борту которого находились 116 человек, в том числе 13 членов экипажа.",Кораблекрушение
97,"Читайте такжеМраморное море и факты о нем: землетрясения, цунами и слизь",Стихийные бедствия
98,"""Аэрофлот"" отчитался об убытке в первом квартале",Убытки
99,"ЕВРАЗ НТМК сократил поставки данной продукции на 24,6%.",Падение продаж
100,"С таким явлением человечество в очередной раз познакомилось 22 апреля 2012 года, когда над территорией США прошел метеоритный дождь.",Падение метеорита
101,При передаче части взятки в размере 38 тыс. рублей обвиняемый был задержан оперативниками УФСБ по Саратовской области.,Взятки
102,"6 июня в подмосковной Коломне загорелось складское помещение на улице Свердлова, дом 31.",Пожары
103,"Теракты были организованы фенийцами – членами тайной организации ""Ирландское республиканское братство"".",Теракт
104,"Мы не будем проводить ни одну сделку, которая создаст нам финансовые проблемы, – сказал Юсте в интервью Marca.",Финансовые затруднения
105,"ФСБ обвиняет его в призывах к сепаратизму (два эпизода по части 2 статьи 280.1 УК, до 5 лет лишения свободы), финансировании экстремистской деятельности (часть 1 статьи 282.3 УК, до 8 лет) и призывах к ней (часть 1 статьи 280 УК, до 4 лет), а также в оправдании терроризма (часть 2 статьи 205.2 УК, до 7 лет).",Поддержка террористов
106,"Также экс-сенатор влиял на бывшего первого замруководителя управления Следственного комитета по КЧР Казбека Булатова и начальника республиканского центра противодействия экстремизму МВД Тимура Бетуганова (арестованы в 2019 году), чтобы скрыть свои преступления.",Экстремизм
107,"Деньги предназначались за прекращение проведения проверки по факту хищения денежных средств гранта, выделенного на развитие материально-технической базы возглавляемого им сельскохозяйственного потребительского перерабатывающего кооператива.",Растрата денежных средств
108,В ситуации недостатка денег некоторые компании прибегают к дополнительному финансированию в надежде преодолеть тяжелый период и в итоге рассчитаться с долгами.,Финансовые затруднения
109,"По мнению ученых, обломки метеорита могли упасть неподалеку от Осло, столицы Норвегии.",Падение метеорита
110,В 1988 году на северо-западе Армении произошло самое катастрофическое землетрясение за всю историю Советского Союза.,Землетрясение
111,"Помимо всего прочего, Маккол обвинил Джо Байдена и канцлера Германии Ангелу Меркель в игнорировании российских попыток якобы оказать давление на Европу через ""манипулирование"" региональным газовым рынком и провоцирование ""жестокого энергетического кризиса на континенте"".",Манипулирование рынком
112,"Правоохранительные органы США подтвердили экстрадицию в страну Клюшина, обвиняемого в инсайдерской торговле акциями​​​.",Манипулирование рынком
113,В разгар наводнения в регион прилетал Владимир Путин.,Наводнение
114,"По данным платформы операторов ГТС стран ЕС ( ENTSOG), в январе поставки по европейской нитке ""Турецкого потока"" снизились на 40%.",Падение продаж
115,"Ее подчиненную Светлану Шенгерей также признали виновной во взяточничестве, а директор ООО ""ИСК ""Ресурс"" Никита Чередниченко якобы ""отмыл"" деньги, которые были получены преступным путем.",Отмывание денег
116,"В результате произошедшего в Грузии землетрясения в жилом доме одного из сел Дманисского муниципалитета обрушилась стена, а жители 11 сел временно остались без электроэнергии, заявил журналистам местный губернатор Георгий Дохтуришвили.",Обвал
117,"Другой пользователь, Андрей Кинтюхин, пожаловался на то, что на ""Госуслугах"" и на сайте ""ЕР"" некто недавно поменял адрес его прописки.",Жалобы потребителей
118,"Кроме того, если United Airlines со второго по четвертый квартал прошлого года наращивала убытки, то для Delta пиковые потери были именно во втором квартале, а затем сокращались.",Рост убытков
119,"Так у того же Родосвета озеро Мертвое, Пензенской области объявлено воронкой ядерного взрыва.",Ядерный взрыв
120,Разлив нефти из-за вулкана стал одним из крупнейших экоцидов для Перу (фоторепортаж),Утечка нефти
121,"В частности, было установлено, что Моллазаде и Ализаде регулярно занимались незаконным присвоением части средств, выделяемых из государственного бюджета для обеспечения функционирования структур МИД, получали взятки от предпринимателей, которые переводили деньги на счета МИД для покупки товаров и проведения работ для хозяйственных нужд.",Растрата денежных средств
122,"В рамках уголовного дела, возбужденного и расследованного СГБ, В.Гаджиеву были предъявлены обвинения по статьям 179.3.2 (присвоение или растрата в крупном размере), 308.1 (злоупотребление должностными полномочиями), 311.3.3 (получение взятки/пассивное взяточничество, совершенное в крупном размере) и 313 (служебный подлог) Уголовного кодекса АР.",Растрата денежных средств
123,"Несмотря на жесткость уголовных норм, в судебной системе и правохранительных органах коррупция, благополучно перекочевав из царской России, продолжила свое существование и развитие буквально с первых дней советской власти.",Коррупция
124,"Цунами в переводе с японского означает ""волна в гавани"", и хотя это явление не имеет ничего общего с приливами, в английском языке его часто называют приливной волной.",Стихийные бедствия
125,"На сайте ФСБ сообщается, что следственным управлением ФСБ России в отношении Уилана возбуждено уголовное дело по статье 276 УК РФ (Шпионаж).",Возбуждение уголовного дела
126,"О падении астероида, цунами в Атлантике или в Тихом океане по тем или иным причинам мистики говорят давно, поэтому все вполне может быть.",Падение метеорита
127,"Уголовное дело возбуждено по части 3 статьи 160 УК РФ (""Присвоение денежных средств с использованием служебного положения"").",Коррупция
128,"31 декабря 2017 г. двое российских военнослужащих погибли в результате внезапного минометного обстрела авиабазы Хмеймим, проведенного мобильной диверсионной группой боевиков.",Теракт
129,"По данным министерства обороны России, в результате авиакатастрофы пожарного самолета Бе-200 в Турции погибло пятеро россиян.",Авиакатастрофа
130,"Экс-руководитель подразделения ""Газпром трансгаз Нижний Новгород"" обвиняется в посредничестве во взяточничестве",Экономические преступления
131,Ранее из-за снижения продаж зельцеров значительно подешевели акции компании Boston Beer: акционеры даже обратились в суд.,Нарушение прав акционеров
132,5 ноября 2020 года был приговорен к году колонии общего режима.,Привлечение к уголовной ответственности
133,"Также прошедший в городе ливень стал причиной обрушения старинной лестницы на Буденновском проспекте, дореволюционного здания на Социалистической улице, а также вызвал подтопление детского сада №15 и обрушение стены на несколько автомобилей, припаркованных на проспекте Стачки.",Обвал
134,"Миллионы гектаров леса в Якутии, Греции, Турции горели в огне пожаров, жители юго-западной части Европы изнывали от адской жары, Германия переживала небывалые наводнения, в разных точках планеты проснулись вулканы.",Наводнение
135,"Позднее стало известно, что московское бюро телеканала все-таки закрылось после решения РФ запретить вещание медиакомпании на территории страны.",Закрытие предприятия или производства
136,"Производитель шин Pirelli останавливает инвестиции и сворачивает деятельность в РоссииИтальянская компания Pirelli, один из крупнейших мировых производителей шин, объявила о приостановке деятельности в россии.",Закрытие предприятия или производства
137,"Постановлением мирового судьи Я. признан виновным в совершении административного правонарушения, предусмотренного статьей 6.1.1 Кодекса Российской Федерации об административных правонарушениях, ему назначено наказание в виде административного штрафа в размере 5000 рублей.",Нарушение закона
138,"Однако у осторожного инвестора есть веские причины ожидать увеличения инфляции в будущем – то есть ускоренного снижения покупательной способности денег, которое заметно в форме роста потребительских товаров и / или инфляции цен на активы.",Проблемы с активами
139,Гром гремит – дурак не крестится: взрывы на шахтах Кузбасса ненаказуемы и однотипны,Техногенные катастрофы
140,29 августа 1991 года напряженная борьба за прекращение ядерных взрывов на Семипалатинской земле увенчалась успехом – Первым Президентом Республики Казахстан Н. А. Назарбаевым был подписан Указ № 409 о закрытии Семипалатинского испытательного ядерного полигона.,Ядерный взрыв
141,"признание убытка от обесценения основных средств и незавершенного строительства в размере 53,532 млрд руб., преимущественно в отношении введенных в 2019 г. Нижне-Бурейской ГЭС и Сахалинской ГРЭС-2;",Убытки
142,"Что ожидается конкретно инсайдеры Стива не знают и предполагаются разные версии: обрушение в океан острова Ла Пальма, где сейчас извергается вулкан, падение огромного астероида в Атлантику или какой-то сейсмический катаклизм на территории США.",Падение метеорита
143,"Общий ущерб организации превысил 375 тысяч рублей, рассказали в городском УМВД.",Рост убытков
144,"Афганские ВВС нанесли авиационный удар в районе Шари-Сафа провинции Забуль, в результате чего убиты 15 боевиков ""Талибана"".",Теракт
145,Осужденных за изнасилование коллеги уфимских полицейских оправдала апелляция,Уголовное обвинение
146,В тот же день мэрия Геленджика отчиталась о ликвидации разлива нефти.,Утечка нефти
147,"В конце октября 2021 года в Кировском районном суде Ярославля началось рассмотрение уголовного дела в отношении директора ООО ""Мариан Строй"" Алексея Лагунина, обвиняемого по ч.2 ст.145.1 УК РФ (невыплата заработной платы) и ч.4 ст.159 УК РФ (мошенничество, совершенное в особо крупном размере).",Экономические преступления
148,"2 июля грабители, вооружившись пистолетами ТТ, совершили разбойное нападение на инкассатора у дома 31 по Нарвскому проспекту.",Нападение
149,К 17 маю разлив нефтепродуктов на территории Коми удалось локализовать.,Утечка нефти
150,[ 19.08.2021 ] В Калмыкии жертвами столкновения грузовика и легкового авто стали пять человек.,"Беспорядки, конфликты и войны"
151,"Повреждение трубопровода якорем корабля, произошедшей за несколько месяцев до утечки нефти в океан, является, по мнению экспертов, наиболее вероятной причиной.",Техногенные катастрофы
152,"Обвинение также считает, что Бабарико отмывал деньги, когда приобрел в Минске недвижимость на сумму свыше одного миллиона белорусских рублей ( 394 тысячи долларов).",Отмывание денег
153,"Что это такое для всех сейчас большая загадка, поскольку метеорит такой сигнал дать не может – это должен быть огромный астероид, падающий на Америку в каком-то замедленном режиме.",Падение метеорита
154,"Правительство Хади стремилось подорвать старый банк Саны за рубежом по крайней мере с 2016 года, когда тогдашний премьер-министр Йемена Ахмед Обайд бин Дагер обратился к Международному валютному фонду с просьбой заморозить активы банка Саны, утверждая, что они использовали иностранные средства страны. обменивать резервы ""безответственно"", согласно Wall Street Journal.",Проблемы с активами
155,"""Укррудпром"" проанализировал судебный реестр и выяснил, что на 7 октября прошлого года компаний, которые подали иски к ГП ""Гарантированный покупатель"", было более 50, общая сумма ущерба по исковым заявлениям превышала 630 млн грн.",Рост убытков
156,"Подать жалобу в жилищную инспекцию и Роспотребнадзор можно в электронном виде на портале ""Госуслуг"".",Жалобы потребителей
157,В 1998 г. генеральный прокурор Клас Бергенстранд сделал попытку повторно возбудить дело против Кристера Петтерссона по обвинению в убийстве Улофа Пальме.,Возбуждение уголовного дела
158,Главе Кизлярского ОМВД предъявили обвинение по делу о терактах в Москве в 2010 г - СК,Теракт
159,"Корпоративный конфликт с банком ""Восточный"" был урегулирован еще до начала разбирательства в Мещанском суде.",Акционерный конфликт
160,"Выступая на международной конференции Средиземноморские диалоги Паоло Джентилони заявил о том, что Россия в октябре – ноябре на четверть сократила поставки газа в Евросоюз по сравнению с аналогичным периодом прошлого года.",Падение продаж
161,"Власти Объединенных Арабских Эмиратов ( ОАЭ) направят Турции материальную помощь в размере 36,7 млн дирхамов (около 10 млн долларов США) для ликвидации последствий лесных пожаров и наводнений.",Наводнение
162,"В таких взрывах участвует метан в количестве сотен тысяч и даже миллионов кубометров, как в Карагандинском бассейне, где известны случаи, когда выброс метана в шахты при внезапном взрыве превышал 2 миллиона кубометров.",Техногенные катастрофы
163,"Как сообщает РИА Новости, в январе 2022 года у побережья королевства Тонга произошло мощное извержение вулкана Хунга-Тонга-Хунга-Хапаи, которое вызвало сильное землетрясение и цунами, достигшее берегов Перу.",Стихийные бедствия
164,"Я поехал делать выемку документов Двоскина в паспортном столе, а там посиживает милиционер и не дает мне документы на основании постановления о выемке.",Выемки
165,"Только на этот раз ООО ""Вулкан"" принесло владельцам 381 млн рублей убытка вместо прежней прибыли 3,9 млрд рублей – с этим результатом компания Рустема и Лидии Сультеевых год назад пребывала на 13-м месте в списке прибыльных.",Убытки
166,"Марина Ракова была задержана 6 октября, на следующий день ее арестовали.",Заключение под стражу
167,"Прибыв на место, пожарные установили, что горит 200 квадратных метров склада, где хранятся старые телевизоры, компьютеры, а также краска.",Пожары
168,"Накануне, 14 августа, самолет-амфибия Бе-200 Минобороны России разбился при заходе на посадку во время тушения лесных пожаров в Турции.",Авиакатастрофа
169,"27 февраля 2018 года основная прокуратура округа Сеул  приговорить Пак Кын Хе к 30 годам отбывания свободы и штрафу в размере 118,5 млрд вон (около $105,7 млн) по обвинению во взяточничестве, нарушении должностных полномочий и вымогательстве.",Экономические преступления
170,потерей устойчивости строительных и портовых кранов и их падением;,"Чрезвычайные происшествия, чрезвычайные ситуации"
171,"По версии следствия, Громов ""заказал"" Колтышеву убийство моего мужа якобы в связи с конфликтом из-за раздела имущества ООО ""Камбий"", в котором раньше они вместе работали.",Убийство
172,"Помимо Раковой и Зуева в рамках дела о мошенничестве в особо крупном размере были задержаны: бывшие сотрудники Фонда новых форм развития образования Евгений Зак и Максим Инкин, исполнительный директор ""Шанинки"" Кристина Крючкова, а также гражданский муж Раковой Артур Стеценко.",Уголовное задержание
173,"Крупнейшая компания по производству электромобилей Tesla отозвала 7600 автомобилей в США из-за потенциальной проблемы с подушкой безопасности, сообщает Reuters.",Отзыв продукции
174,Приговором Мирового судьи Прилузского судебного участка Республики Коми от 03.07.2020 Игушев А.В. был признан виновным в совершении преступления предусмотренного ч.1 ст.139 УК РФ и было назначено наказание в виде 7 месяцев исправительных работ с удержанием 10% от заработка в доход государства.,Нарушение закона
175,"С точки зрения отдельных гидрогеологов, именно сюда по подземным горным выработкам может продрейфовать радиоактивная вода после разрушения радиоактивной капсулы на месте подземного ядерного взрыва в шахте ""Юнком"" в пригороде Енакиево поселке Юнокоммунаровск.",Ядерный взрыв
176,"Загрязнение вдоль тихоокеанского побережья Перу было спровоцировано извержением подводного вулкана Хунга-Тонга-Хунга-Хаапай в Королевстве Тонга, которое произошло 15 января.",Извержение вулкана
177,"Всех троих обвинили в том, что они участвуют в деятельности террористической организации, а также заняты организацией финансирования терроризма.",Поддержка террористов
178,"Силва добавил, что военно-морской флот готовился к ликвидации разлива нефти после того, как корабль затонул.","Катастрофы, крушения"
179,"Потом в пресс-службе компании сообщили, что действительно утечка произошла, но ее ликвидировали, что площадь разлива нефти составила 200 квадратных метров.",Утечка нефти
180,"Князя В. А. Долгорукова, военного министра, как пишет историк Тарле, уличали ""в хищениях, взяточничестве, в кормлении солдат и матросов сгнившими сухарями, в продаже корпии и лечебных припасов англичанам"".",Взятки
181,"Упор обвинения делался на создание еврейской националистической, изменнической, террористической организации, участники которой ставили своей целью свержение существующего в СССР строя путем вооруженного восстания и совершения терактов над руководителями Советского правительства и КПСС .",Теракт
182,"В Санкт-Петербурге в пятницу вечером загорелся корабль, который строят на ""Северной верфи"" для Министерства обороны.","Катастрофы, крушения"
183,"Заседание проходило под председательством Александра Умникова, который поприветствовал участников совещания от имени Главы НМР Айдара Метшина, выражая его отношение к вопросу коррупции: ""Вы знаете, мою личную позицию в данном отношении – любой доказанный факт коррупционных проявлений должен быть наказан, - отметил Александр Умников.",Коррупция
184,Минимум два акционера Activision Blizzard подали в суд на компанию за нарушение Закона о фондовых биржах.,Нарушение прав акционеров
185,"Инцидент в метро стал самым смертоносным с 1975 года, когда в результате столкновения двух поездов погиб 31 человек.","Беспорядки, конфликты и войны"
186,Помимо этого следственные органы возбудили дело и в отношении двух сотрудников сибирского отделения Ростехнадзора.,Техногенные катастрофы
187,"Ограничивает возможности других компаний поставлять дополнительные объемы газа: Нафтогаз подал в Еврокомиссию жалобу на ""Газпром""",Жалобы потребителей
188,"Напомним, что изначально 27-летнего математика Азата Мифтахова задержали  по подозрению в изготовлении СВУ В Москве задержан аспирант МГУ, изготавливающий СВУПри обыске в его комнате обнаружили следы взрывчатки , которое было обнаружено в Балашихе 11 января 2018 года.",Уголовное задержание
189,Первый взрыв ядерного оружия на Семипалатинском испытательном ядерном полигоне прогремел 29 августа 1949 года.,Ядерный взрыв
190,"В то же время акции банков росли вместе с доходностью гособлигаций, поскольку инвесторы корректировали позиции в ожидании потенциальных последствий сокращения скупки активов Федрезервом и в преддверии продажи новых 20-летних облигаций позднее на этой неделе.",Проблемы с активами
191,"30 мая он был задержан, против него возбудили уголовное дело по обвинению в насилии в отношении сотрудников милиции.",Уголовное обвинение
192,В периоды всемирных потопов происходило опускание целых материков.,Наводнение
193,"У здания обрушилась кровля, пожару был присвоен второй ранг.",Обвал
194,"Наше предварительное расследование все еще продолжается, но мы призываем Tesla отозвать автомобили с дорог до тех пор, пока не будет проведен полный анализ случившегося"", - говорится в заявлении Герагоса.",Отзыв продукции
195,"23-й президент признан виновным в коррупции и торговле влиянием по ""делу о прослушке"".",Коррупция
196,"Али Риза Полат, которого назвали ""ключевой фигурой"" в организации нападений, был признан виновным в соучастии в террористических преступлениях, совершенных братьями Куаши и Амеди Кулибали а также в получении и хранении оружия и боеприпасов.",Привлечение к уголовной ответственности
197,"В июле бойцы спецназа в масках ворвались на съезд движения в концертном зале гостиницы ""Измайлово"" и задержали нескольких участников ""Реструкта"", причастных к убийству Алышева.",Убийство
198,"25 октября взрыв газа произошел на четвертом этаже пятиэтажного дома в Набережных Челнах, разрушены оказались несколько квартир.",Взрыв газа
199,"- ПАО ""Россети Кубань"" ( MOEX: KUBE), получившее в 2020 году 1,5 млрд рублей чистого убытка по РСБУ, не будет выплачивать дивиденды по итогам года.",Убытки
200,Есть еще погибшие после обстрелов школы авиабомбами. Сегодня спокойнее.,"Беспорядки, конфликты и войны"
201,"Так, например, с осени 2021 года была ликвидирована авиакомпания Alitalia.",Закрытие предприятия или производства
202,"Подобным образом прошел метеоритный дождь в Китае, наблюдаемый во всем мире в феврале 2012 года.",Падение метеорита
203,↑ Павел Дуров ликвидирует Telegram Messenger LLP,"Закрытие филиала, представительства"
204,"Компания со своей стороны утверждает, что разлив нефти произошел из-за высоких волн, вызванных извержением подводного вулкана Хунга-Тонга-Хунга-Хаапай в Королевстве Тонга.",Извержение вулкана
205,"Задачей проектного офиса является недопущение коррупционных проявлений, создание комфортных условий для граждан, искоренение бытовой коррупции, повышение антикоррупционной культуры, доверия граждан к институтам государственной власти.",Коррупция
206,"По данным надзорного ведомства, фонд постоянно срывал сроки работы, плохо следил за подрядчиками и нарушал закон при взыскании денег с должников.",Нарушение обязанностей
207,"По неподтвержденным сведениям, при снайперской атаке боевиков погибли трое сирийских военнослужащих.",Теракт
208,ТАСС: РЕЗЕРВИРОВАНИЕ США ЧАСТИ ЗАМОРОЖЕННЫХ АКТИВОВ АФГАНСКОГО ЦБ ДЛЯ ВЫПЛАТЫ КОМПЕНСАЦИЙ ЖЕРТВАМ ТЕРАКТОВ 11 СЕНТЯБРЯ 2001 Г. АБСУРДНО - МИД РФ,Проблемы с активами
209,"По данным города Кайе префектуры Токусима, городские власти подтвердили, что пять лодок перевернулись или затонули в районе рыбного порта Сишикуи.",Кораблекрушение
210,"Напомним, что в отношении бывших народных депутатов республики Уарова и Саввина было возбуждено уголовное дело по пункту ""в"" части 5 статьи 290 УК РФ (""получение взятки в крупном размере""), помимо этого, Уаров обвиняется по части 1 статьи 159 УК РФ (""хищение чужого имущества путем обмана"").",Экономические преступления
211,Ранее генеральный прокурор при Верховном суде Нидерландов вынес независимое консультативное заключение по слушаемому в Верховном суде спору бывших акционеров обанкроченной нефтяной компании ЮКОС с РФ.,Акционерный конфликт
212,Икарди и Ванда Нара подозреваются в отмывании денег и коррупции,Отмывание денег
213,"Обман с картами Яндекс. Плюс, плохое качество сервиса и IT",Жалобы потребителей
214,"В результате мощного землетрясения в субботу, 14 августа, разрушены тысячи домов и других зданий, ранены по меньшей мере 5700 человек и тысячи перемещены.",Землетрясение
215,"""Ощадбанк"" тоже закрыл достаточно много отделений в стране.",Закрытие предприятия или производства
216,Цунами после извержения вулкана в Тонга вызвало разлив нефти в Перу,Стихийные бедствия
217,"Акционер обратился в суд, основываясь на законе ""Об акционерных обществах"".",Нарушение прав акционеров
218,"""Нафтогаз"" как один из крупнейших покупателей газа в Европе также терпит убытки из-за этих злоупотреблений.",Убытки
219,"продвижение в двустороннем и многостороннем форматах российских инициатив по вопросам противодействия экстремистской деятельности, в том числе осуществляемой с использованием сети ""Интернет"";",Экстремизм
220,С начала осени в России произошло почти 20 взрывов газа,Взрыв газа
221,"16 августа на Камчатке со дна Кроноцкого озера подняли пятое тело туриста, который погиб в результате крушения вертолета Ми-8Видео: ГУ МЧ РФ по Камчатскому краю",Авиакатастрофа
222,Весной 2012 года лондонский суд приговорил Ибори к 13 годам тюрьмы за отмывание денег и другие финансовые преступления.,Отмывание денег
223,Следствие обвиняло его в организации деятельности экстремистской организации.,Экстремизм
224,"Чистый процентный доход банка за девять месяцев 2021 года снизился на 3,3% по сравнению с сопоставимым периодом (до 1,03 млрд грн), в то время как чистый комиссионный увеличился на 7,5% (до 195,3 млн грн).",Падение прибыли
225,1864 – В ходе Гражданской войны в США произошло Сражение у Чаффинс-Фарм.,"Беспорядки, конфликты и войны"
226,"Представители Генпрокуратуры попросили Верховный суд ликвидировать общество ""Мемориал"" в связи с систематическим игнорированием им законов и дискредитацией органов государственной власти.","Закрытие филиала, представительства"
227,"Например, все то же ГСУ Нацполиции ищет доказательства того, что должностные лица КП ""Киевпастранс"" занимались растратой и присвоением бюджетных средств при закупке в 2017 году ""современных павильонов ожидания с вмонтированными урнами для мусора"", а также услуг по капремонту зданий и сооружений.",Растрата денежных средств
228,"Как сообщили Znak.com в аппарате суда, Гончарову признали виновной по части 3 статьи 159 УК РФ (""Мошенничество в крупном размере"").",Экономические преступления
229,Чистая прибыль Amazon упала на 50% из-за растущих издержек,Падение прибыли
230,"Один из ведущих активистов ""Башкорта"" Руслан Габбасов эмигрировал в Литву из-за угрозы возбуждения против него уголовного дела по ""экстремистской"" статье УК.",Экстремизм
231,Для тушения масштабных лесных пожаров Украина отправила в Турцию два пожарных самолета.,Пожары
232,"В 2020 году ГК ""Абрау-Дюрсо"" снизила продажи на 5%, до 41,05 млн бутылок, в том числе продажи собственной продукции - на 6%, до 39,51 млн бутылок.",Падение продаж
233,"По данным следствия, Меркушкин в 2015 году дал взятку в сумме более 7 млн рублей управляющему отделением Национального банка по Республике Мордовия Волго-Вятского Главного управления Центрального банка Российской Федерации Тренькину.",Взятки
234,"""Запреты на рекламу нездоровой еды и алкоголя стоят $500 млрд. Brand Finance подсчитала убытки крупнейших производителей от таких ограничений.",Убытки
235,"Однако до ""лесного фонда"" Сипягин может не дотянуться, учитывая, что еще будучи губернатором его уличали о возможной причастности к незаконному бизнесу – а именно, добыче песка.",Мошенничество
236,"24 мая Альфа-банк подал против Хотина пять исков, обвинив его в нарушении условий мирового соглашения 2017 года о споре на $700 млн. 13 сентября стало известно, что СКР завел еще одно дело – о хищении на 283 млрд руб., таким образом совокупный ущерб превысил 290 млрд руб.",Экономические преступления
237,Обоих бизнесменов признали виновными в крупном мошенничестве и приговорили к реальным срокам заключения.,Нарушение закона
238,"Ранее президент компании Николай Токарев сообщал, что ""Транснефть"" допускает приостановку деятельности дочернего предприятия в Белоруссии на фоне действий белорусских властей.",Финансовые затруднения
239,"Эксперты о сильном землетрясении в Израиле: ""Дома станут смертельной ловушкой""",Землетрясение
240,3 ноября Черемушкинский районный суд поместил его в СИЗО по уголовному делу об организации террористической деятельности.,Заключение под стражу
241,"По итогам 2020 года чистый убыток ОАК по международным стандартам финансовой отчетности вырос по сравнению с предыдущим годом в 2,7 раза - до 165,5 млрд рублей.",Рост убытков
242,"Как сообщала пресс-служба СУ СКР по Волгоградской области, в ходе расследования было установлено, что услуги в области пластической хирургии были оказаны потерпевшей с грубыми нарушениями норм законодательства.",Нарушение закона
243,"Чистая прибыль ""Сафмар ФИ"" по РСБУ упала в 1 полугодии на 10%, следует из отчетности компании.",Падение прибыли
244,"Причиной столкновения российского сухогруза ""Амур"" и японского рыболовного судна ""Дай-хати Хокко-мару"" мог стать сильны туман, приведший к плохой видимости.",Кораблекрушение
245,В результате наводнения в Германии и Бельгии погибли по меньшей мере 222 человека и был нанесен огромный ущерб.,Наводнение
246,"Как сообщает РИА Новости, Скобликов получил выговор за плохую уборку города и состояние детских площадок, а Тихончук – за срыв сроков реализации инфраструктурных проектов.",Нарушение обязанностей
247,"Обратиться в суд с ходатайством о завершении конкурсного производства в отношении ОАО ""АвтоВАЗагрегат"", в связи с тем, что на текущую дату не завершены расчеты с кредиторами должника от членов комитета кредиторов, присутствовавших на заседании комитета, поступило предложение о повторном объявлении перерыва по второму вопросу повестки дня: ""2.",Закрытие предприятия или производства
248,"Линейка планшетов Apple последний раз обновлялась в октябре 2020 года. iPad был единственным крупным продуктом компании, продажи которого снизились в декабрьском квартале.",Падение продаж
249,"Он не исключает, что сумма убытков может вырасти, когда предприятие получит дополнительную информацию от Совета по конкуренции.",Рост убытков
250,"Ей предъявили обвинение по ч. 1 ст. 282.3 УК (финансирование экстремистской деятельности) из-за того, что в 2018 и 2019 годах она перевела шесть тысяч рублей в качестве пожертвования на карту Агиляш, матери Дильмухаметова, приговоренного в 2020 году к девяти годам колонии строгого режима по сумме статей УК.",Поддержка террористов
251,Бральнин был задержан в Москве по подозрению в коррупционных преступлениях после того как подал в отставку по собственному желанию.,Коррупция
252,"ЧП случилось в порту Бошняково на Сахалине: неудачный маневр судна-буксира привел к повреждению корпуса балкера, из которого в море полился мазут.","Чрезвычайные происшествия, чрезвычайные ситуации"
253,"ИНТЕРФАКС - Чистая прибыль ПАО ""ФСК ЕЭС"" ( MOEX: FEES) по МСФО в I квартале 2021 г. незначительно сократилась по сравнению с аналогичным периодом прошлого года - на 0,5%, до 19,6 млрд руб., следует из отчета компании.",Падение прибыли
254,"Компания Tesla отзовет почти полмиллиона автомобилей у их новых владельцев, что примерно равно числу поставленных автомобилей за весь 2020 год.",Отзыв продукции
255,"""Убийство Фахризаде является частью того, что кажется попыткой администрации Трампа и правительства Нетаньяху использовать время, оставшееся до вступления в должность избранного президента США Джозефа Байдена, для усиления давления на Иран.",Убийство
256,Первоначально обвинение касалось мошенничества на 507 млн руб.,Коррупция
257,"Также можно подать обращение на сайте Управления http://42.rospotrebnadzor.ru/ в разделе ""Виртуальная служба"", ""Форма обращений граждан"".",Жалобы потребителей
258,"Чистая прибыль ПАО ""ФСК ЕЭС ( MCX: FEES)"" по МСФО в 3-м квартале 2021 г. снизилась на 13,6% - до 18,158 млрд руб. по сравнению с 21,009 млрд руб. в июле-сентябре прошлого года, следует из отчета компании.",Падение прибыли
259,"В то время как жара в России бьет очередные рекорды, в Якутии, на Дальнем Востоке и Урале вновь вспыхнули лесные пожары.",Пожары
260,- Генпрокуратура России примет меры к взысканию с виновных ущерба от разлива нефтепродуктов в Черном море в районе Новороссийска.,Техногенные катастрофы
261,"Но в октябре Следственный комитет все же завел дело на сотрудницу красноярского ГУ МВД, проигнорировавшую заявление об изнасиловании девочки, которое ее мать подавала еще в 2019 году.",Возбуждение уголовного дела
262,Девушка обвиняемого по делу об оправдании терроризма блогера Юрия Хованского Мария Нелюбова создала петицию с требованием прекратить уголовное преследование ее молодого человека и освободить его из СИЗО.,Экстремизм
263,"Поскольку климатологи думали о погодных аномалиях, концентрируя внимание на одном типе бедствий (наводнения или засухи), одновременное их наступление шокировало ученых.",Наводнение
264,"30 ноября Измайловский суд Москвы приговорил бывшего схиигумена Сергия (в миру Николая Романова) к 3,5 года колонии общего режима по статьям 330 (""Самоуправство""), 110.1 (""Склонение к самоубийству"") и 148 (""Нарушение права на свободу совести и вероисповеданий"") УК РФ.",Привлечение к уголовной ответственности
265,В г. Ногинске в Московской области на территории бывшей ткацкой фабрики при проведении демонтажных работ произошло обрушение части стены здания.,Обвал
266,"Согласно данным российского ""Гринписа"", площадь разлива мазута в порту составила 100 кв метра.",Утечка нефти
267,"При этом ингрессия Венеры в Близнецы способна вызвать финансовые проблемы, если вовремя не изменить подход к тратам.",Финансовые затруднения
268,"А.Мамедову были предъявлены обвинения по статьям 179.4 (присвоение или растрата), 193-1.3.2 (легализация денежных средств, полученных преступным путем), 308.2 (злоупотребление должностными полномочиями), 311.3.2 и 311.3.3 (повторное получение взятки в крупном размере) Уголовного кодекса АР.",Мошенничество
269,"Так на Кольском полуострове, на месторождении апатитов был проведен подземный ядерный взрыв с отсеком захоронения радиоактивных продуктов.",Ядерный взрыв
270,"В сентябре 2021 Национальный банк принял решение отозвать банковскую лицензию и ликвидировать банк ""Земельный капитал"".","Закрытие филиала, представительства"
271,"К слову, по всем перечисленным фактам сейчас также проводятся доследственные проверки силами органов МВД, прокуратуры и Следственного комитета, и есть все основания полагать, что возбужденное уголовное дело о злоупотреблениях и растрате далеко не последнее...",Экономические преступления
272,"В Атырауском облсуде объяснили, что заместитель акима Бакытгуль Хаменова подозревается в тяжком коррупционном преступлении, именно поэтому ей следует находиться под арестом, передает Zakon.kz.",Противодействие коррупции
273,"По данным следствия, Клетин, являясь гражданином РФ, в нарушение закона сокрыл факт наличия у него гражданства государства Израиль и не уведомил об этом территориальный отдел по вопросам миграции ОМВД России.",Нарушение закона
274,Продажи дилеров АвтоВАЗа снизились на фоне сбоя поставок запчастей,Падение продаж
275,"Согласно отчету Canalys, в третьем квартале 2021 года продажи беспроводных наушников Apple снизились на 33,7% в сравнении с третьим кварталом 2020 года.",Падение продаж
276,"Согласно нормам конвенции ООН, каждое государство-участник, в соответствии с основополагающими принципами своей правовой системы, разрабатывает и осуществляет или проводит эффективную и скоординированную политику противодействия коррупции.",Противодействие коррупции
277,"Обвиняемого в убийстве Зелимхана Хангошвили, гражданина РФ Вадима Красикова / Соколова приговорили в Германии к пожизненному заключению.",Уголовное обвинение
278,"Накануне уголовное дело по факту разлива нефтепродуктов в районе морского порта Новороссийска, возбужденное органами внутренних дел по статье УК РФ ""Загрязнение морской среды, переданное в производство Западного межрегионального следственного управления на транспорте СК России,",Утечка нефти
279,Тверским районным судом города Москвы в отношении них и Артура Стеценко избрана мера пресечения в виде заключения под стражу.,Привлечение к уголовной ответственности
280,"Смена власти в 2014 году и ликвидация банка ""Надра"" была расценена Сегалями как возможность взять под свой контроль ново-каховскую фабрику, построенную на выведенные из банка деньги.",Закрытие предприятия или производства
281,"07.00: ИГИЛ * совершило нападение в Ракке, в Дейр-эз-Зоре обнаружено обезглавленное тело",Теракт
282,6 ноября на Московском вокзале в Туле мужчина открыл стрельбу.,"Чрезвычайные происшествия, чрезвычайные ситуации"
283,"*** Группа ""Русагро"" в IV квартале 2021 года сократила чистую прибыль по МСФО на 30% по сравнению с показателем за IV квартал 2020 года, до 6,012 млрд рублей.",Падение прибыли
284,"Сгорели деревянные балки перекрытий и двери, обрушился лепной декор.",Обвал
285,"11 сентября 1947	шахта ""Северная""	г. Кемерово	взрыв газа	53",Взрыв газа
286,Взрывы на складах – государственная тайна?!,Техногенные катастрофы
287,На службах подсудимые якобы участвовали в сборе пожертвований – этот факт лег в основу обвинения в финансировании экстремистской организации.,Поддержка террористов
288,Сочи оказался перед угрозой смерчей,Стихийные бедствия
289,"США обвиняли прежние власти Судана в оказании содействия террористической группировке ""Аль-Каида"" (запрещена в России) в организации взрывов у посольств США в Кении и Танзании в 1998 году, жертвами которых стали более 200 человек, включая 12 американцев.",Поддержка террористов
290,"Он также добавил, что полицейские изымают у коррупционеров имущество, полученное незаконным путем.",Мошенничество
291,Во время производства работ на 7 этаже недостроенного здания на одного из строителей обрушилась часть стены.,Обвал
292,"Во время пожара произошло частичное обрушение конструкций – как ангарной пристройки, так и внутри здания.",Обвал
293,"Учитывая многочисленность правовых актов и обширность регулируемых ими сфер деятельности, в антикоррупционной экспертизе постоянно задействованы независимые эксперты, аккредитованные Минюстом России, а также крупные научные и образовательные учреждения страны.",Противодействие коррупции
294,Но вот вопрос: насколько точно наводнение и уничтожение связаны с этими самыми климатическими изменениями?,Наводнение
295,"В минэкологии Азербайджана подтвердили, что их специалисты предполагают, что пожар на Каспии связан с извержением вулкана.",Извержение вулкана
296,"В Тюмени на Юрнеделе состоится сессия ""Корпоративные споры: новые вызовы, участники, методы"".",Акционерный конфликт
297,"Коллеги из Европы обрушились с критикой на главную газовую компанию России – по их мнению, ""Газпром"" манипулирует европейцами при помощи отказов в поставке сырья на спотовом рынке.",Манипулирование рынком
298,"""Ведомости"" 20 лет существовали, там никогда не было никаких корпоративных, внутриредакционных конфликтов.",Акционерный конфликт
299,"В Дубае ( ОАЭ) задержан уроженец Чечни Ахмед Хамидов, который пять лет находился в розыске.",Уголовное задержание
300,"В документах суда также сообщается, что прокуратура обратилась в суд для защиты интересов правительства Иркутской области, при этом министерство имущественных отношений региона – единственный акционер КРИО – не считает свои права нарушенными и ""в судебной защите не нуждается"".",Нарушение прав акционеров
301,"""Блокнот Ставрополя"", 20.07.2021, ""Махинации с грузовым транспортом и многомиллионная взятка: на чем попался глава ГИБДД Ставрополья и его сообщники"": В распоряжении редакции оказались материалы уголовного дела, которое было возбуждено 19 июля 2021 года.",Противодействие коррупции
302,"В Калтане Кемеровской области обвинение по ч. 1 ст. 282.2 УК было предъявлено Александру Цикунову, а по ч. 2 – Виталию Сырых, обоих отправили под домашний арест.",Уголовное обвинение
303,Использование сходного фирменного наименования вызывает смешение на рынке и вводит потребителей в заблуждение,Жалобы потребителей
304,"Предположительно, вертолет, вылетевший с посадочной площадки ""Березовая"", задел линию электропередачи и упал в воду.",Авиакатастрофа
305,"Сообщалось, что в СК его отвезли для того, чтобы расспросить по делу об убийстве 1993 года.",Убийство
306,"Через месяц глава СК России Александр Бастрыкин подал в Высшую квалификационную коллегию судей РФ ходатайство с требованием разрешить возбуждение уголовного дела в отношении Добрыниной, но не за получение взятки, а мошенничество, совершенное в особо крупных размерах.",Возбуждение уголовного дела
307,"10 октября 2018 года в поселке Архангельское Абдулазизов два раза выстрелил в Евгению Шишкину из самодельного огнестрельного оружия, в результате она скончалась"", - сказала представитель СК, напомнив, что Абдулазизов и его соучастник были задержаны полицейскими в Петербурге.",Уголовное задержание
308,А в скором времени будто бы запланировано предъявить капитану Колбову и майору Белоусову обвинение в конечной редакции и передать заключение для утверждения в прокуратуру.,Уголовное обвинение
309,"Утром 12 августа 2021 года на Камчатке потерпел крушение вертолет, в этот же четверг в Турции произошли наводнения, а в Греции затонуло судно с туристами.",Авиакатастрофа
310,"Верховный суд России ликвидировал общество ""Мемориал"" (признано в России НКО-иноагентом).","Закрытие филиала, представительства"
311,"""Тренер олимпийских чемпионов"": раскрыт посредник в передаче взятки начальнику отдела красноярской полиции",Взятки
312,"Но к сожалению производство по выпуску сварочных электродов было ликвидировано на ""Атоммаше"" Благодаря этой замечательной женщине технологу производства Берестовой Г.В. ООО""Риметалк"" действительно выпускали качественные электроды, которые пользовались спросом у покупателей.","Закрытие филиала, представительства"
313,При этом НК РФ разрешает уменьшить доходы от продажи автомобиля на подтвержденные документально расходы на его покупку.,Падение прибыли
314,"Одно из новых направлений борьбы с коррупцией связано с пандемией COVID-19, точнее – с хищениями бюджетных средств, выделяемых на борьбу с распространением инфекции, а также с их нецелевым использованием.",Растрата денежных средств
315,Ниже приводится справочная информация о взрывах бытового газа в жилых домах в России в 2021 году.,Взрыв газа
316,"Коррупция имеет много разновидностей: взяточничество, незаконное присвоение товаров и услуг, предназначенных для общественного потребления, кумовство (когда при приеме на работу предпочтение отдается членам семьи), оказание влияния при выработке законов и правил в целях получения личной выгоды – все это распространенные примеры правонарушений и должностных преступлений.",Мошенничество
317,"Попов также заявляет, что после запуска ""Аполлон-13"" 12 апреля 1970 года в СССР провели спецоперацию и захватили корабль, а также доставили его в Мурманск.","Катастрофы, крушения"
318,"Полностью выгорев, лайнер затонет на третьи сутки.","Катастрофы, крушения"
319,"Подробнее о бизнесе Трабера-Скигина и о доле Владимира Путина читайте в расследовании ""4% Путина. Как близкие к Кремлю криминальные авторитеты отмывают нефтяные деньги в Монако"".",Отмывание денег
320,На следующее утро после крушения лайнера пятеро умерли от травм.,"Катастрофы, крушения"
321,"В четверг суд на выездном заседании арестовал Бекмансурова на 2 месяца, до 13 декабря.",Заключение под стражу
322,"В отношении бывшего начальника отдела материально-технического обеспечения ФГКУ ""Поликлиника № 2 ФТС"" Андрея Ясенева возбуждено очередное уголовное дело по факту получения взятки в особо крупном размере.",Противодействие коррупции
323,"Прокурорские работники могут без устали вещать о героической борьбе с коррупционерами, приводить примеры громких побед на антикоррупционном фронте, повторяя о штрафах на сотни тысяч рублей, но факт остается фактом.",Противодействие коррупции
324,"В отношении Гаврилова возбуждены уголовные дела по трем статьям - оставление в опасности, истязание - его подозревают в избиениях детей и жены – и кража - он взял у знакомой деньги и не вернул..",Возбуждение уголовного дела
325,5 марта Анзор Губашев и Заур Дадаев были задержаны сотрудниками ФСБ на территории Ингушетии.,Уголовное задержание
326,Русский военный корабль на якоре у острова Змеиный: появились первые снимки со спутникаПоявились первые спутниковые снимки повреждений на украинском острове Змеиный в Черном море в результате российских военных ударов.,"Беспорядки, конфликты и войны"
327,"Каспийский трубопроводный консорциум, в терминале которого произошла авария, оценил разлив нефтепродуктов в 200 кв. м.",Утечка нефти
328,"Погиб рабочий, которого завалило обрушившейся крышей церкви Профитис Илиас в населенном пункте Аркалохори (область Ираклион).",Обвал
329,"Землетрясение магнитудой 3,1 произошло у села Самеба ( регион Квемо Картли) в 26 километрах от города Дманиси ( 104 километра до Тбилиси), сообщается на сайте Национального центра сейсмического мониторинга.",Землетрясение
330,9 июня им было предъявлено обвинение по ч.4 ст. 159 УК РФ (мошенничество в особо крупном размере).,Уголовное обвинение
331,Две трети всех советских испытаний – 468 ядерных взрывов – были проведены именно на Семипалатинском полигоне.,Ядерный взрыв
332,"Авария на Чернобыльской АЭС, гибель ""Нахимова"", столкновение теплохода ""Суворов"" с мостом, взрыв на станции Арзамас-1, железнодорожная катастрофа под Ашой – это далеко не полный перечень техногенных катастроф, случившихся в Советском Союзе в 1980-е годы.","Беспорядки, конфликты и войны"
333,"На этом фоне менеджмент ТОАЗа, захваченный компанией Мазепина, уже начал отзывать все жалобы, поданные в рамках корпоративного спора ТОАЗа с ""Уралхимом"", а также жалобы в рамках дела о банкротстве ООО ""ТОМЕТ"".",Отзыв продукции
334,"Из информации, озвученной на пресс-конференции, складывалось впечатление, что разлив нефти произошел недавно и проблема еще актуальна, хотя на самом деле речь шла о случившемся в начале августа событии, о котором уже все забыли.",Утечка нефти
335,"Лидерство на российском авторынке удерживает марка LADA, чьи продажи в прошлом месяце снизились на 21% и составили 22378 автомобилей.",Падение продаж
336,Ранее ТАСС со ссылкой на источник в правоохранительных органах сообщал об утечке химического вещества в поселке Рудный.,"Чрезвычайные происшествия, чрезвычайные ситуации"
337,"Торнадо начали возникать на северо-востоке Арканзаса, а затем распространилась на Миссури, Иллинойс, Теннесси и Кентукки.",Стихийные бедствия
338,"В подмосковном Ногинске 8 сентября взрывом газа был частично разрушен подъезд девятиэтажки – погибли семь человек, еще 22 пострадали.",Взрыв газа
339,"По их мнению, Комитет по благоустройству Санкт-Петербурга не справляется со своими обязанностями.",Нарушение обязанностей
340,"Согласно пресс-релизу правительства, исполнение постановления ЕСПЧ позволило сэкономить более 47 млн. леев из национального бюджета, сохранить важный для экономики Республики Молдова бизнес и избежать спора в международном арбитраже с нынешними акционерами.",Акционерный конфликт
341,"Строительные организации ООО ""ЖБК-Строй"", ООО ""Строй-Комплекс"", ООО ""АРВИКО"", ООО ""Специализированный застройщик ""Орсо групп"" и ООО ""Специализированный застройщик ""ЭТТО"" при возведении многоквартирных жилых домов и соцобъектов не исполнили обязанности по разработке природоохранной документации.",Нарушение обязанностей
342,Эти указания Нина Розенфельд и Николай Розенфельд принимали как прямую директиву к совершению террористического акта над товарищем Сталиным.,Теракт
343,"Первый произошел в июле 2021 года, но там виновный компенсировал вред в добровольном порядке.",Техногенные катастрофы
344,"Также Tesla отзывала свыше 50 тыс. электрокаров из-за ошибки в системе автономного управления ""Full Self-Driving"" ( FSD).",Отзыв продукции
345,"В августе 2021-го в Подмосковье произошла другая страшная авиакатастрофа, связанная с Воронежем.",Авиакатастрофа
346,"Напомним, фирменные re:Store массово закрылись в столице РТ 2 марта, а за день до этого, пока рубль бил антирекорды на валютном рынке, казанцы сметали прилавки.",Закрытие предприятия или производства
347,"Казуев утверждал, что готовил не теракт, а убийство Филиппа Киркорова по заказу Максима Галкина.",Убийство
348,"Во-первых, их гибель точно связана с президентством Джонсона, которое также было контекстом для других политических убийств, таких как убийство Мартина-Лютера Кинга.",Убийство
349,"Задержаны директор сети Александр Трофимов, его заместитель Алексей Каширин и главный врач Сергей Богданов.",Уголовное задержание
350,"Госпредприятие ""Восточный  горно-обогатительный комбинат"" по результатам первого полугодия 2021  года получило 579 млн грн чистого убытка, что в 2,1 раза больше, по  сравнению с аналогичным периодом прошлого года и превышает убыток за  весь 2020 год.",Рост убытков
351,"Данные  пожары произошли на полях в окрестностях населенных пунктов (горение сухой травы), лесных пожаров не зарегистрировано.",Пожары
352,25 ноября арестован и 8 февраля расстрелян русский философ священнослужитель Павел Флоренский.,Заключение под стражу
353,"Сейчас лесной пожар в районе Бодрума потушен, все туристы вернулись в свои отели, пострадавших нет.","Чрезвычайные происшествия, чрезвычайные ситуации"
354,"Тем временем, на Канарских островах ( Испания) идет массовая эвакуация населения из-за извержения вулкана Cumbre Vieja на острове Пальма.",Извержение вулкана
355,В Германии и Бельгии случились разрушительные наводнения.,Наводнение
356,"А также огромный крейсер с тысячеми авто сначало затонул, а потом и загорелся, мощнейший ураган громит индийские города, малолетний хам пригрозил педагогу изнасилованием на глазах одноклассников.",Стихийные бедствия
357,"Приземлившись на взлетно-посадочной полосе иркутского аэропорта в 07.42, лайнер не остановился, съехал на поле, пробил бетонное ограждение и врезался в гаражный кооператив, который располагался в 280-ти метрах от ""взлетки"".","Катастрофы, крушения"
358,"Кроме того, снижение деловой активности инвесторов будет оказывать давление на цены активов, ужесточая финансовые условия и потенциально стимулируя отток капитала с развивающихся рынков, считают в МВФ.",Проблемы с активами
359,"По данным оперативной обработки Алтае-Саянского филиала, эпицентр зафиксированного в 05:14 по Киеву в четверг землетрясения находился примерно в 6 км от побережья острова Сулавеси.",Землетрясение
360,В центре Перми прекратил работу магазин Calvin Klein Jeans.,Закрытие предприятия или производства
361,Отказ в судебной защите повлек нарушение конституционного принципа на доступ к правосудию и как следствие исключил какую-либо иную возможность восстановления нарушенного права акционера банка.,Нарушение прав акционеров
362,– Отработан ли в настоящее время алгоритм противодействия финансированию терроризма и экстремизма?,Поддержка террористов
363,"Игорь Черных (по кличке ""Амур"") был задержан 24 ноября 2010 года и рассматривался следствием как один из самых жестоких соисполнителей убийства в станице Кущевская и подозреваемый в совершении убийства Анатолия Смольникова в ноябре 2008 года, а также в расстреле отца и сына Богачевых в сентябре 2003 года.",Уголовное задержание
364,"В начале декабря в Арбитражный суд Москвы был подан иск от Lareli Holdinпs LTD к ОАО ""Евразийский"" с требованием провести собрание акционеров.",Нарушение прав акционеров
365,"В процессе подготовке материалов о социально-экономической ситуации в послевоенном Арцахе мы узнали о том, что в первые месяцы 2021 года в Степанакерте прекратило деятельность отделение ""Америабанка"".",Закрытие предприятия или производства
366,"Представители российского подразделения бренда - ООО ""БМВ РУСЛАНД ТРЕЙДИНГ"", проинформируют владельцев отзываемых автомобилей о необходимости предоставить свое транспортное средство в ближайший дилерский центр для проведения ремонтных работ.",Отзыв продукции
367,"Савеловский суд Москвы в начале июня рассмотрит дело о присвоении биткоинов, переданных в доверительное управление, по иску Петрова и Башилова.",Коррупция
368,Самое сильное извержение вулкана Безымянный на Камчатке произошло 30 марта 1956 года.,Извержение вулкана
369,"Чистый убыток ""Мечела"" по РБСУ вырос почти вдвоеЧистый убыток по РСБУкомпании ""Мечел"" за девять месяцев 2021 года вырос в 1,95 раза, до ₽820,5 млн.",Рост убытков
370,"А компания ""Асоба"" (бывший Белкоопстрах) получила убытки в размере 5,94 млн. рублей против прибыли в 3,14 млн. рублей за аналогичный период прошлого года.",Убытки
371,"Как констатировал 28 июля глава федерального Минприроды Александр Козлов, в целом по России количество лесных пожаров уменьшилось на 4% в сравнении с 2020 годом ( на конец июля в России было зафиксировано около 10,9 тысяч очагов огня).",Пожары
372,"Суд США возложил ответственность за теракт на Судан, где террористы проходили обучение.",Теракт
373,"Днем 12 ноября ""КоронаДоки"" прекратил свою работу.",Финансовые затруднения
374,"Напомним, завершение строительства всех проблемных жилых объектов и восстановление прав граждан, пострадавших от действий недобросовестных застройщиков, находится на особом контроле Губернатора Приморья Олега Кожемяко и Правительства края.",Нарушение обязанностей
375,"Подавляющее число запросов связано с проблемами ЖКХ, некачественной работой УК, ЖСК и ТСЖ.",Жалобы потребителей
376,"Более того, под следствие попал даже и.о. министра Андрей Лазуткин, которого арестовали в 2017 году по подозрению во взяточничестве и превышении должностных полномочий, писал ""Коммерсант"".",Экономические преступления
377,"И требование Генпрокуратуры ликвидировать организацию, занимающуюся построением человечности, является довольно кричащим саморазоблачением, в которое, даже несмотря на весь контекст, который мы все понимаем, не хочется верить.","Закрытие филиала, представительства"
378,"На плохую работу мобильного интернета пожаловались клиенты МТС (75%), ""Мегафона"" (81%), ""Билайна"" (67%) и TELE2 (82%).",Жалобы потребителей
379,"По заявлению истца, мясокомбинат не исполнял обязательства по оплате лизинговых платежей.",Финансовые затруднения
380,"Алиханову пожаловались на магазин ""Санлайт"", который никак не закроется",Жалобы потребителей
381,"""Канониры"" связывают часть убытка в размере 85 миллионов фунтов с пандемией коронавируса.",Убытки
382,Крупнейший военный корабль Ирана загорелся и затонул в Оманском заливе,"Катастрофы, крушения"
383,"Южный окружной военный суд в Ростове-на-Дону признал сегодня Дудиева и Донашева виновными в посягательстве на жизнь сотрудников правоохранительных органов (статья 317 УК РФ) и приговорил Нажмудина Дудиева к 18 годам, а Ибрагима Донашева к 19 годам колонии строгого режима.",Нарушение закона
384,"Леонид Голованов главред журнала ""Авторевю""  ""Подобные отзывные кампании - это совершенно нормальная практика, в данном случае мы видим большие, может быть, даже пугающие цифры, но то, что Tesla отзывает электромобили, чтобы исправить недостатки, которые могут послужить основой для неприятной ситуации, это абсолютно нормально.",Отзыв продукции
385,"При установлении направленности призывов необходимо учитывать положения Федерального закона ""О противодействии экстремистской деятельности"".",Экстремизм
386,"В Перу в воскресенье, 16 января, произошел разлив нефти в океан из танкера из-за мощных волн, вызванных извержением подводного вулкана.",Извержение вулкана
387,Лефортовский суд заочно арестовал гражданина Киргизии за подготовку теракта,Заключение под стражу
388,"Сотрудники ФСБ и МВД задержали двух членов банды террориста Шамиля Басаева – Саламбека и Асламбека Идаловых, причастных убийству 15 российских военных в 1999 году.",Убийство
389,"С 2017 года Baring был вовлечен в корпоративный конфликт со вторым акционером банка, экс-совладельцем ""Юниаструма"" Артемом Аветисяном.",Акционерный конфликт
390,мониторинг извержения вулкана в Камчатском крае.,Извержение вулкана
391,31 мая 2018 г .: Большое жюри Нью-Йорка предъявило Вайнштейну обвинение в изнасиловании и преступном половом акте.,Уголовное обвинение
392,Добытые преступным путем денежные средства обнаружены и изъяты следователем при осмотре места происшествия.,Мошенничество
393,В Усолье-Сибирском суд удовлетворил исковые требования Роспотребнадзора и ликвидировал юридическое лицо за нарушения законодательства о защите прав потребителей.,Жалобы потребителей
394,BMW отзывает почти миллион автомобилей из-за риска возгорания,Отзыв продукции
395,"Трое из погибших военнослужащих при крушении вертолета будут похоронены в Зиря, Амирджане и Бейлагане",Авиакатастрофа
396,Больному раком следователю отменили приговор за взятку,Взятки
397,"Лайнер врезался в склон сопки на высоте 400 метров с убранными шасси, закрылками и предкрылками, с работающими двигателями и большой вертикальной скоростью.","Катастрофы, крушения"
398,Дата принятия судебного акта по корпоративному спору: 28 апреля 2021г.;,Акционерный конфликт
399,"На нем обсуждалось как Забайкалье, Хабаровский край, Приамурье, ЕАО и Якутия справляются с последствиями наводнений и пожаров этого года, а также меры по защите от бедствий.",Наводнение
400,"Впрочем, после заморозки активов российского Центробанка возникает законный вопрос: а зачем нашей стране продавать свои энергоресурсы, если западные страны просто крадут полученные за них деньги.",Проблемы с активами
401,– В последнее время значительно активизировалась деятельность правоохранительных органов по борьбе с коррупцией.,Противодействие коррупции
402,"Басманный райсуд заочно арестовал для международного розыска вора в законе Илью Симонию ( Махо), обвиняемого в организации убийства другого ""законника"" Вячеслава Иванькова ( Япончик).",Заключение под стражу
403,"Так, в 2021 году АО ""Трансмашхолдинг"" и ООО ""Ключевые системы и компоненты"" получили рейтинг ""А2"" в Антикоррупционном рейтинге российского бизнеса, который составлен Российским союзом промышленников и предпринимателей.",Противодействие коррупции
404,Джеффрис был приговорен к 17 годам тюремного заключения.,Привлечение к уголовной ответственности
405,В грузинском селе после землетрясения обрушилась стена дома,Обвал
406,А еще – о громком присвоение 4 миллионов рублей из федеральных денег подрядчиком в Минусинске на благоустройство общественного пространства.,Растрата денежных средств
407,"1934	рудник ""Грумант""	о. Шпицберген	взрыв газа	9",Взрыв газа
408,"И если все искусственные спутники, в силу малой орбиты, в итоге упадут на Землю, то эти 4 спутника находятся слишком далеко от Земли.","Катастрофы, крушения"
409,В феврале нефтяное пятно у побережья Израиля зягрязнило пляжи и оставило отложения смол на побережье Ливана.,Утечка нефти
410,"До этого самое мощное землетрясение было зафиксировано в понедельник – магнитудой 4,5, за последние полтора месяца на острове произошло несколько десятков тысяч подземных толчков, за последнюю неделю – 581.",Землетрясение
411,"Московский городской суд опубликовал апелляционное определение от 11 марта по уголовному делу в отношении адвоката Андрея Маркина, ранее признанного виновным в покушении на мошенничество в крупном размере группой лиц по предварительному сговору (ч. 3 ст. 30, ч. 3 ст. 159 УК РФ).",Привлечение к уголовной ответственности
412,Украинские правоохранители 8 октября огласили Медведчуку новое подозрение в госизмене и содействии терроризму.,Поддержка террористов
413,15 июня обвинение в государственной измене было предъявлено президенту Арктической академии наук в Санкт-Петербурге Валерию Митько.,Уголовное обвинение
414,"Наибольший урон стихия нанесла городу Мэйфилд, где на фабрике по производству свечей обрушилась крыша.",Обвал
415,Во Владивостоке возбуждено уголовное дело в отношении бывшего мэра по факту получения многомиллионной взятки,Взятки
416,"Департамент полиции Хантингтон-Бич подтвердил в заявлении в субботу, что один из его вертолетов ""совершил аварийную посадку в районе Ньюпорт-Бич"" и показал, что спасательные работы ведутся.","Чрезвычайные происшествия, чрезвычайные ситуации"
417,"Нет сомнений, что бороться с незаконным игровым бизнесом можно, и у сотрудников полиции для этого имеются достаточно широкие возможности и полномочия.",Мошенничество
418,"Отмечается, что расследование проводится по факту злоупотребления властью или служебным положением, повлекшем тяжкие последствия, а также присвоению, растрате имущества или завладения им путем злоупотребления служебным положением, совершенным организованной группой в особо крупных размерах (ч.ч. 1, 2 ст. 364, ч. 5 ст. 191 УК Украины).",Растрата денежных средств
419,"Уголовное дело, о котором идет речь, было возбуждено 9 июля 2019 года, одновременно с задержанием действующего на тот момент губернатора Сергея Фургала в рамках другого дела - об убийствах.",Возбуждение уголовного дела
420,"Самый крупный очаг находится в Катангском районе, он локализован на площади 32,5 тыс. га, этот пожар начался 2 июня из-за грозы.",Пожары
421,♦ 1917 - Захват власти в Оренбурге атаманом Дутовым.,"Беспорядки, конфликты и войны"
422,В сентябре трех представителей зодиакального круга ожидают финансовые затруднения.,Финансовые затруднения
423,"А статью 205.1 УК (Содействие террористической деятельности) добавили исключительно для рассмотрения дела в военном гарнизонном суде"", - предположил Магди Камалов.",Поддержка террористов
424,"Данные способы применяются и в случае корпоративных споров, но с некоторыми особенностями.",Акционерный конфликт
425,"В контексте противодействия коррупции корпоративная честность означает ведение бизнеса таким образом, чтобы избегать подкупа и других коррупционных деяний, которые подрывают работу и общественное доверие.",Противодействие коррупции
426,"Во время землетрясения параноидальное и изолированное руководство Народной Республики отозвало все предложения международной помощи, даже от нейтральных организаций, таких как Агентство помощи Организации Объединенных Наций и Международный комитет Красного Креста.",Землетрясение
427,В Индонезии загорелся паром с двумя сотнями человек,Кораблекрушение
428,Они обвиняли Гутаева в помощи чеченским бизнесменам и саботаже работы ведомства.,Нарушение обязанностей
429,"Николай Цапок, дядя Сергея Цапка (приговорен к 20 годам заключения);",Привлечение к уголовной ответственности
430,В процессе деятельности любого хозяйственного общества возможно возникновение корпоративных конфликтов.,Акционерный конфликт
431,"Закрытие всего лишь одного ресторана в данном случае будет означать не ""мелкую неприятность"", как для сети типа McDonald's, а полную потерю актива.",Проблемы с активами
432,"Пришельцы не позволили астероиду столкнуться с Землей, взорвав его на высоте в 30- 40 километров, тем самым предотвратив глобальную катастрофу, которая могла вызвать многочисленные землетрясения, извержения вулканов, сдвиг земной оси,""ядерную зиму"" и в конечном итоге привести к гибели большинства животных и растительных видов, в том числе человека.",Падение метеорита
433,Подземные толчки 6 октября,Землетрясение
434,"Камчатка: крушение вертолета, туристы погибли/ Крым: потоп/Талибы: оружие США /Побег из ИВС: 2 нашли","Чрезвычайные происшествия, чрезвычайные ситуации"
435,"Все равно, ОДКБ не выполнила бы своих обязательств, и на глазах у всего мира, показала бы, что это - бессильный, беззубый, неспособный выполнять свои обязательства по отношению к союзнику орган"", - добавляет А. Бабаджанян.",Нарушение обязанностей
436,"Вечером 25 октября из-за взрыва газа в квартире на четвертом этаже пятиэтажного дома в Набережных Челнах были повреждены перекрытия между четвертым и пятым этажами, разрушено шесть квартир.",Взрыв газа
437,29 июня на третьем этаже дома в Москве после хлопка газа загорелись четыре квартиры.,Пожары
438,Следственный Комитет России в отношении Андрея Алексеенко возбудил уголовное дело по подозрению в получении взятки в виде ружья.,Противодействие коррупции
439,В Махачкале произошел взрыв газа в здании медицинского колледжа,Взрыв газа
440,"Как сообщали СМИ, в этот момент ВМК лишается многих ""монопольных преференций"", прибыль ЗАО ""Военно-мемориальная компания"" падает, а убытки возрастают.",Рост убытков
441,"29 июня присяжные вынесли вердикт по делу об убийстве Немцова, признав всех подсудимых виновными в совершении преступления.",Нарушение закона
442,"Здесь необходимо подчеркнуть, что при, так называемой, бытовой коррупции сумма колеблется от 10 до 150 тысяч рублей и в среднем составляет около 40 тысяч рублей, но в то же время нами выявляются отдельные факты взяточничества должностными лицами в крупном и особо крупном размере, где размер денежного вознаграждения доходит до десятков миллионов рублей.",Взятки
443,Обстоятельства крушения пожарного аэроплана на юго-востоке республики выясняет также посольство России в Турции.,Авиакатастрофа
444,В результате землетрясения в начале ХХ века изменился рельеф республики.,Землетрясение
445,"Четвертого июля бандиты переправляются через р. Юдому и грабят перевозчика Чубрикова, отбирают деньги, ружье, лодку.",Нападение
446,"Из различных документальных источников нам известно, что при взрыве погибли и утонули два парохода Министерства Морского Флота СССР ""Выборг"" и ""Генерал Ватутин"", образовавшейся 10-метровой волной нанесены повреждения трем пароходам, разрушены многие сооружения в порту, начались массовые очаги пожаров.",Кораблекрушение
447,• Производство и распространение экстремистских материалов.,Экстремизм
448,"Уголовным кодексом предусмотрено наказание и для того, кто эту взятку дает.",Взятки
449,Технологическая катастрофа: Припять ( Украина),Техногенные катастрофы
450,"Сложная ночь в Харькове и области: российские войска продолжают обстреливать жилые кварталы и объекты инфраструктуры, есть жертвыКак сообщает полиция региона, Россия усилила интенсивность обстрелов Харькова и других населенных пунктов в области""Харьковщина пережила сложную ночь.","Беспорядки, конфликты и войны"
451,"Во всех случаях ""Новая газета"" стремится очернить Россию и российские власти, и оказывает непосредственную информационную поддержку террористам.",Поддержка террористов
452,"Спецслужбы США заподозрили, что деньги, добытые из российского бюджета преступным путем, отмывались компанией Prevezon через покупку нью-йоркской недвижимости.",Мошенничество
453,"В 2018 году они похитили из свыше 1,5 миллиона рублей бюджетных средств, подписывая фиктивные акты выполненных работ по благоустройству территории района.",Растрата денежных средств
454,"Против ВТБ введены санкции, которые предполагают блокировку всех активов банка в этих странах, а также запрет на операции с участием ВТБ в валютах и с контрагентами из этих стран.",Проблемы с активами
455,Извержение вулкана на острове Ла-Пальма довольно сильное.,Извержение вулкана
456,"Таким образом ядерный взрыв, чтобы предотвратить столкновение астероида с Землей, будет нарушением договора.",Падение метеорита
457,"""Следственными органами Следственного комитета России по ХМАО-Югре совместно с сотрудниками УМВД России по ХМАО-Югре и ФСБ России задержан Юрий Чекин, 1963 года рождения, обвиняемый в организации убийства прокурора Ханты-Мансийского автономного округа – Югры Юрия Бедерина"", – сказали в пресс-службе.",Уголовное задержание
458,Сергея Кудрявцева задержали 23 декабря 2020 года по подозрению в мошенничестве в особо крупном размере (ч. 4 ст. 159 УК РФ).,Экономические преступления
459,"Разгорелся корпоративный конфликт между двумя мажоритарными акционерами (доли обоих в компании превышали 45%), партнерами и приятелями - гендиректором ""Кулона"" Гасаном Оруджовым и предпринимателем Акифом Гасымовым, экс-председателем городского отделения ""Всероссийского азербайджанского конгресса"".",Акционерный конфликт
460,"Например, если из-за политики государства в стране голод - допустим, конфискуется зерно - то вы за счет коррупции можете что-то оставить себе и из-за этого не умираете с голода.",Коррупция
461,"""Итальянская антимонопольная служба наложила штраф в размере более 100 миллионов евро (102 084 433,91) на компании Alphabet Inc., Google LLC и Google Italy S. r.l. за нарушение 102 статьи Договора о функционировании Европейского союза"", – говорится в заявлении антимонопольной службы.",Нарушение обязанностей
462,Взрывы бытового газа в жилых домах в России в 2021 году,Взрыв газа
463,"Российская сеть продуктов здорового питания ""ВкусВилл"" объявила, что закроет свои магазины в Амстердаме ( Нидерланды).","Закрытие филиала, представительства"
464,"В 2011 году в связи с публикациями от 2008 года Дильмухаметова осудили по обвинению в публичных призывах к экстремистской (ст. 280 УК) и террористической деятельности (ст. 205.2 УК), а также в возбуждении национальной розни (ч. 1 ст. 282 УК).",Экстремизм
465,"Так, вариант на русском запрещал подземные ядерные взрывы, ведущие к появлению ""радиоактивных выпадений"", в то время как в английском тексте запрещались подземные ядерные взрывы, ведущие к появлению ""осколков"".",Ядерный взрыв
466,"2 февраля краболовное судно ""Акванавт"" затонуло у причала порта Зарубино в Приморье, часть судна – над водой.",Кораблекрушение
